name,calories,serving_size_g,fat_total_g,fat_saturated_g,protein_g,sodium_mg,potassium_mg,cholesterol_mg,carbohydrates_total_g,fiber_g,sugar_g
allspice,268.1,100.0,8.9,2.6,6.4,77,112,0,72.3,21.2,0.0
club soda,0.0,100.0,0.0,0.0,0.0,0,0,0,0.0,0.0,0.0
salt,0.0,100.0,0.0,0.0,0.0,38395,0,0,0.0,0.0,0.0
coffee,1.0,100.0,0.0,0.0,0.1,1,2,0,0.0,0.0,0.0
celery,17.9,100.0,0.2,0.1,0.8,91,25,0,4.0,1.6,2.4
rhubarb,20.5,100.0,0.2,0.1,0.9,3,13,0,4.5,1.8,1.1
lemon juice,16.5,100.0,0.0,0.0,0.4,23,9,0,5.5,0.8,1.6
cucumber,15.3,100.0,0.1,0.0,0.6,1,24,0,3.7,0.5,1.7
chicory,16.7,100.0,0.1,0.0,0.9,2,25,0,4.0,3.1,0.0
fennel,30.7,100.0,0.2,0.1,1.2,51,49,0,7.3,3.1,3.9
radish,15.5,100.0,0.0,0.0,0.7,39,19,0,3.3,1.6,1.8
endive,17.4,100.0,0.1,0.0,0.9,1,25,0,3.9,3.1,0.0
mushrooms,27.9,100.0,0.5,0.1,2.2,1,86,0,5.2,2.2,2.3
mustard,58.3,100.0,3.4,0.2,3.8,1125,106,0,5.7,4.0,1.0
pumpkin,20.5,100.0,0.1,0.0,0.7,0,30,0,4.9,1.1,2.1
lettuce,17.0,100.0,0.3,0.0,1.2,7,30,0,3.3,2.1,1.2
eggplant,34.7,100.0,0.2,0.0,0.8,0,15,0,8.7,2.5,3.2
cranberries,47.1,100.0,0.1,0.0,0.5,2,10,0,12.0,3.7,4.3
tomatoes,18.5,100.0,0.2,0.0,0.9,5,23,0,3.9,1.2,2.6
tomatoes,18.5,100.0,0.2,0.0,0.9,5,23,0,3.9,1.2,2.6
artichoke,53.7,100.0,0.3,0.1,2.9,60,72,0,11.7,5.7,1.0
celeriac,27.4,100.0,0.2,0.0,1.0,60,65,0,5.9,1.2,0.0
cherry tomatoes,17.8,100.0,0.2,0.0,0.9,5,23,0,3.9,1.2,2.6
swiss chard,20.0,100.0,0.1,0.0,1.9,181,32,0,4.2,2.1,1.1
gooseberries,43.7,100.0,0.6,0.0,0.9,1,27,0,10.3,4.3,0.0
pepper,248.5,100.0,3.0,1.3,10.5,19,160,0,63.1,25.4,0.4
shallots,70.8,100.0,0.1,0.0,2.5,12,60,0,17.0,3.2,7.9
coriander leaves,23.2,100.0,0.5,0.0,2.3,45,48,0,3.8,2.7,0.8
pickle,12.0,100.0,0.3,0.1,0.5,797,15,0,2.4,1.0,1.1
mixed vegetables,33.3,100.0,0.3,0.1,1.7,31,40,0,7.0,2.9,2.6
leeks,30.3,100.0,0.2,0.0,0.8,9,17,0,7.8,1.0,2.1
watercress,11.0,100.0,0.1,0.0,2.3,40,59,0,1.3,0.5,0.2
coconut milk,197.2,100.0,21.2,18.8,2.0,12,97,0,2.8,0.0,0.0
vinegar,18.1,100.0,0.0,0.0,0.0,2,4,0,0.1,0.0,0.1
beans,91.3,100.0,0.4,0.1,4.7,339,75,0,21.3,4.1,7.9
spring onions,31.2,100.0,0.2,0.0,1.8,16,37,0,7.3,2.6,2.3
turnip,21.5,100.0,0.1,0.0,0.7,16,25,0,5.0,2.0,3.0
chives,30.0,100.0,0.7,0.0,3.4,2,57,0,4.3,2.7,2.0
green beans,34.8,100.0,0.3,0.1,1.9,0,29,0,7.7,3.2,3.6
alfalfa sprouts,22.8,100.0,0.7,0.1,4.0,5,70,0,2.1,1.9,0.2
melon,33.6,100.0,0.2,0.1,0.8,16,15,0,8.3,0.9,7.8
asparagus,21.4,100.0,0.2,0.1,2.4,14,54,0,4.2,2.0,1.3
spinach,23.3,100.0,0.3,0.0,2.9,69,55,0,3.8,2.4,0.4
blackberries,41.8,100.0,0.5,0.0,1.4,1,22,0,9.6,5.3,4.9
raspberries,51.8,100.0,0.5,0.0,1.0,0,28,0,12.0,6.4,4.5
dill,44.3,100.0,1.0,0.0,3.0,61,66,0,7.1,2.0,0.0
cabbage,23.4,100.0,0.1,0.0,1.3,7,32,0,5.5,1.9,2.8
hot pepper sauce,11.0,100.0,0.4,0.0,0.4,2610,10,0,1.7,0.2,1.3
mustard,58.3,100.0,3.4,0.2,3.8,1125,106,0,5.7,4.0,1.0
papaya,43.0,100.0,0.3,0.1,0.5,7,9,0,10.8,1.7,7.8
strawberries,31.3,100.0,0.3,0.0,0.7,1,23,0,7.6,2.0,4.9
honeydew,36.5,100.0,0.1,0.0,0.5,17,11,0,9.0,0.8,8.1
carrots,35.1,100.0,0.2,0.0,0.8,56,30,0,8.1,3.0,3.4
okra,22.5,100.0,0.2,0.0,1.9,5,31,0,4.6,2.5,2.4
watermelon,30.3,100.0,0.1,0.0,0.6,0,10,0,7.4,0.4,6.2
skim milk,33.3,100.0,0.1,0.1,3.4,41,100,2,5.0,0.0,5.1
mandarin oranges,37.3,100.0,0.0,0.0,0.8,4,10,0,9.2,1.2,8.3
broccoli,35.0,100.0,0.4,0.1,2.4,41,65,0,7.3,3.3,1.4
radish,15.5,100.0,0.0,0.0,0.7,39,19,0,3.3,1.6,1.8
greens,33.9,100.0,0.7,0.0,2.7,15,32,0,5.6,4.0,0.4
orange juice,46.4,100.0,0.1,0.0,0.7,1,46,0,11.2,0.3,8.3
tonic water,34.6,100.0,0.0,0.0,0.0,11,0,0,8.9,0.0,8.8
grapefruit juice,39.1,100.0,0.1,0.0,0.5,1,14,0,9.1,0.0,0.0
peas,82.4,100.0,0.2,0.0,5.4,3,117,0,15.9,5.4,5.9
cauliflower,22.4,100.0,0.5,0.1,1.8,14,31,0,4.1,2.3,2.1
apricots,49.1,100.0,0.4,0.0,1.4,0,22,0,10.9,2.0,9.3
parsley,36.1,100.0,0.8,0.3,2.9,56,58,0,6.2,3.5,0.8
fenugreek,331.4,100.0,6.5,1.4,22.8,66,296,0,57.9,24.4,0.0
tangerines,53.9,100.0,0.3,0.0,0.8,2,19,0,13.4,1.8,10.6
beetroot,45.2,100.0,0.2,0.0,1.7,76,38,0,10.0,2.0,8.0
onions,44.5,100.0,0.2,0.0,1.4,3,35,0,10.2,1.4,4.8
butternut squash,40.8,100.0,0.1,0.0,0.9,3,27,0,10.3,3.2,2.0
passion fruit,98.1,100.0,0.7,0.1,2.2,27,67,0,23.3,10.4,11.1
plums,46.6,100.0,0.3,0.0,0.7,0,15,0,11.6,1.4,9.9
orange juice,46.4,100.0,0.1,0.0,0.7,1,46,0,11.2,0.3,8.3
buttermilk,40.2,100.0,0.9,0.5,3.3,187,90,4,4.8,0.0,4.8
clementines,47.9,100.0,0.1,0.0,0.8,1,20,0,12.2,1.7,9.2
oranges,49.8,100.0,0.1,0.0,0.9,1,23,0,12.5,2.2,8.6
apple juice,46.7,100.0,0.1,0.0,0.1,3,6,0,11.2,0.2,9.6
acorn squash,57.5,100.0,0.1,0.0,1.1,4,44,0,14.3,4.4,0.0
nectarines,44.5,100.0,0.3,0.0,1.1,0,25,0,10.4,1.7,7.8
pears,58.7,100.0,0.1,0.0,0.4,1,12,0,15.2,3.1,9.8
basil,24.4,100.0,0.0,0.0,4.0,4,56,0,2.0,2.0,0.0
pineapple,50.8,100.0,0.1,0.0,0.5,0,8,0,13.0,1.4,9.9
pineapple juice,54.1,100.0,0.1,0.0,0.4,1,8,0,12.9,0.2,10.0
brussels sprouts,36.6,100.0,0.5,0.1,2.6,20,55,0,7.1,2.6,1.7
seaweed,34.5,100.0,0.4,0.0,5.8,48,58,0,5.0,0.4,0.4
figs,74.1,100.0,0.3,0.1,0.8,0,13,0,19.5,2.8,16.1
mint,405.2,100.0,0.0,0.0,0.0,38,2,0,98.6,0.0,63.5
soy sauce,53.0,100.0,0.6,0.1,8.1,5415,167,0,4.8,0.8,0.4
sweet and sour sauce,150.6,100.0,0.0,0.0,0.3,368,6,0,38.2,0.1,18.8
water chestnuts,31.3,100.0,0.1,0.0,0.9,32,24,0,6.8,1.6,1.7
grape juice,60.0,100.0,0.1,0.0,0.4,5,13,0,14.9,0.2,14.3
apples,53.4,100.0,0.2,0.0,0.3,1,11,0,13.8,2.4,10.3
pasta sauce,50.2,100.0,1.6,0.2,1.4,442,34,1,7.5,1.8,4.9
tomato,18.2,100.0,0.2,0.0,0.9,4,23,0,3.9,1.2,2.6
cherries,63.8,100.0,0.2,0.0,1.1,0,20,0,16.1,2.1,12.8
kiwi fruit,62.2,100.0,0.5,0.0,1.1,2,33,0,14.7,3.1,9.1
ginger,78.3,100.0,1.0,0.0,2.0,13,34,0,18.3,2.0,1.5
tarragon,297.1,100.0,7.2,1.7,22.8,62,316,0,50.7,7.3,0.0
lotus,66.3,100.0,0.1,0.0,1.6,44,76,0,16.2,3.1,0.5
tubers,91.2,100.0,0.1,0.0,2.5,10,70,0,21.0,2.2,1.2
pomegranate,84.2,100.0,1.2,0.1,1.7,2,35,0,18.5,4.1,13.7
sweetcorn,93.7,100.0,1.5,0.2,3.4,0,75,0,21.2,2.5,4.6
mango,61.6,100.0,0.4,0.1,0.8,0,14,0,14.8,1.6,13.6
grapes,69.6,100.0,0.2,0.1,0.7,2,20,0,18.1,0.9,15.5
cranberry juice,43.7,100.0,0.1,0.0,0.3,6,8,0,11.0,0.1,9.9
horseradish,48.3,100.0,0.6,0.0,1.2,420,30,0,11.1,3.3,8.0
parsnip,72.5,100.0,0.3,0.1,1.3,10,68,0,17.1,3.6,4.8
worcestershire sauce,76.8,100.0,0.0,0.0,0.0,972,60,0,19.7,0.0,10.1
whole milk,62.5,100.0,3.2,1.9,3.2,42,82,9,4.8,0.0,5.1
oregano,269.0,100.0,4.0,2.0,9.0,25,147,0,69.1,42.2,4.0
tofu,81.7,100.0,5.2,0.9,10.0,3,111,0,1.2,1.0,0.7
potato,92.7,100.0,0.1,0.0,2.5,10,70,0,21.0,2.2,1.2
coffee,1.0,100.0,0.0,0.0,0.1,1,2,0,0.0,0.0,0.0
tzatziki,92.4,100.0,7.2,2.0,2.4,183,66,7,4.4,0.4,3.3
tomato puree,36.9,100.0,0.2,0.0,1.7,27,39,0,8.9,1.9,4.8
curry sauce,69.5,100.0,5.2,0.4,0.8,5,18,0,5.0,1.0,1.4
chilli sauce,237.3,100.0,0.0,0.0,0.1,27,5,0,59.7,0.1,57.9
peas,82.4,100.0,0.2,0.0,5.4,3,117,0,15.9,5.4,5.9
sweet potato,77.5,100.0,0.1,0.0,1.4,26,32,0,17.5,2.5,5.8
bananas,87.4,100.0,0.3,0.1,1.1,1,22,0,22.4,2.6,12.2
thyme,102.7,100.0,1.2,0.0,5.0,8,106,0,25.1,13.6,0.0
curry leaves,24.3,100.0,0.0,0.0,4.0,3,56,0,2.0,2.0,0.0
garlic,144.8,100.0,0.7,0.0,6.4,16,153,0,32.5,2.0,1.0
rosemary,335.6,100.0,14.8,7.5,5.0,50,69,0,64.1,42.0,0.0
cottage cheese,98.3,100.0,4.3,1.7,11.2,370,161,16,3.4,0.0,2.7
olives,113.4,100.0,10.8,1.4,0.8,721,2,0,6.3,3.2,0.0
venison,149.4,100.0,2.4,1.4,30.0,58,281,79,0.0,0.0,0.0
pork shoulder,285.5,100.0,21.3,7.8,23.3,69,208,89,0.0,0.0,0.0
turkey meat,156.7,100.0,3.9,1.1,28.9,102,224,99,0.0,0.0,0.0
taro,145.6,100.0,0.1,0.0,0.5,15,75,0,34.0,5.1,0.5
veal,226.3,100.0,11.5,4.2,30.3,86,236,114,0.0,0.0,0.0
chicken,222.6,100.0,12.9,3.7,23.7,72,179,92,0.0,0.0,0.0
meat,221.2,100.0,12.2,4.4,27.7,69,209,90,0.0,0.0,0.0
ham,141.6,100.0,5.1,0.9,22.2,968,305,64,1.0,0.0,1.1
chicken meat,191.4,100.0,7.3,2.0,29.2,85,197,89,0.0,0.0,0.0
yogurt,64.2,100.0,1.6,1.0,5.3,69,145,5,7.2,0.0,7.1
chicken,222.6,100.0,12.9,3.7,23.7,72,179,92,0.0,0.0,0.0
meat,221.2,100.0,12.2,4.4,27.7,69,209,90,0.0,0.0,0.0
yam,114.6,100.0,0.1,0.0,1.5,8,49,0,28.0,3.9,0.5
relish,129.2,100.0,0.5,0.1,0.4,808,13,0,35.7,1.1,29.3
tamarind,232.2,100.0,0.6,0.3,2.8,27,115,0,63.0,5.0,39.1
tomato ketchup,103.7,100.0,0.1,0.0,1.1,906,25,0,27.7,0.3,21.4
plantain,113.7,100.0,0.2,0.1,0.8,4,27,0,31.6,2.3,14.1
sage,313.2,100.0,13.1,7.1,10.1,11,91,0,60.5,39.9,1.4
relish,129.2,100.0,0.5,0.1,0.4,808,13,0,35.7,1.1,29.3
pastrami,146.6,100.0,5.8,2.7,21.8,1065,176,68,0.4,0.0,0.1
dates,276.5,100.0,0.4,0.0,2.4,1,61,0,75.8,8.1,63.3
guacamole,149.5,100.0,13.4,1.9,1.8,433,50,0,8.4,6.2,0.5
chutney,119.5,100.0,8.3,1.3,5.0,412,85,0,9.9,2.8,2.6
tomato,18.2,100.0,0.2,0.0,0.9,4,23,0,3.9,1.2,2.6
ham,141.6,100.0,5.1,0.9,22.2,968,305,64,1.0,0.0,1.1
pasta sauce,50.2,100.0,1.6,0.2,1.4,442,34,1,7.5,1.8,4.9
whole turkey,192.4,100.0,7.3,2.2,28.4,104,223,109,0.1,0.0,0.0
greek yogurt,60.7,100.0,0.4,0.1,10.2,36,133,5,3.6,0.0,3.2
duck,329.3,100.0,28.2,9.6,19.0,59,153,85,0.0,0.0,0.0
meat,221.2,100.0,12.2,4.4,27.7,69,209,90,0.0,0.0,0.0
rabbit,211.6,100.0,8.5,2.5,30.2,36,225,87,0.0,0.0,0.0
meat,221.2,100.0,12.2,4.4,27.7,69,209,90,0.0,0.0,0.0
beef,291.9,100.0,19.7,7.8,26.6,63,206,87,0.0,0.0,0.0
mustard,58.3,100.0,3.4,0.2,3.8,1125,106,0,5.7,4.0,1.0
pickle,12.0,100.0,0.3,0.1,0.5,797,15,0,2.4,1.0,1.1
cassava,156.1,100.0,0.3,0.1,1.4,14,27,0,37.8,1.8,1.7
veal,226.3,100.0,11.5,4.2,30.3,86,236,114,0.0,0.0,0.0
mince,265.1,100.0,17.0,6.5,27.0,90,228,88,0.0,0.0,0.0
beef,291.9,100.0,19.7,7.8,26.6,63,206,87,0.0,0.0,0.0
steak,273.4,100.0,18.8,7.3,26.0,52,194,95,0.0,0.0,0.0
pork,236.2,100.0,14.0,4.9,26.2,57,219,88,0.0,0.0,0.0
pork,236.2,100.0,14.0,4.9,26.2,57,219,88,0.0,0.0,0.0
fillet,263.2,100.0,17.0,6.7,26.5,53,205,98,0.0,0.0,0.0
evaporated milk,134.8,100.0,7.6,4.6,6.8,106,201,29,10.0,0.0,10.0
egg,147.0,100.0,9.7,3.1,12.5,139,199,371,0.7,0.0,0.4
pork,236.2,100.0,14.0,4.9,26.2,57,219,88,0.0,0.0,0.0
steaks,282.1,100.0,18.6,7.2,26.2,51,196,95,0.0,0.0,0.0
cranberry sauce,161.3,100.0,0.2,0.0,0.9,4,3,0,40.4,1.1,31.6
horseradish sauce,155.8,100.0,14.2,7.4,2.2,603,67,43,6.1,0.9,4.1
beef fillet,270.4,100.0,17.1,6.7,26.6,54,201,96,0.0,0.0,0.0
steak,273.4,100.0,18.8,7.3,26.0,52,194,95,0.0,0.0,0.0
chutney,119.5,100.0,8.3,1.3,5.0,412,85,0,9.9,2.8,2.6
mixed fruit,58.3,100.0,0.3,0.0,0.8,1,22,0,15.0,2.0,10.1
mushroom,28.0,100.0,0.5,0.1,2.1,1,87,0,5.3,2.1,2.3
prunes,234.8,100.0,0.4,0.1,2.2,2,67,0,62.7,7.0,38.4
beef,291.9,100.0,19.7,7.8,26.6,63,206,87,0.0,0.0,0.0
steak,273.4,100.0,18.8,7.3,26.0,52,194,95,0.0,0.0,0.0
baking powder,54.1,100.0,0.0,0.0,0.0,10622,2156,0,27.5,0.2,0.0
pork mince,303.0,100.0,21.1,7.8,25.7,73,229,93,0.0,0.0,0.0
turkey,193.1,100.0,7.4,2.2,28.6,104,226,110,0.1,0.0,0.0
roll,313.0,100.0,6.5,1.6,9.6,555,99,49,52.9,3.7,4.3
pork,236.2,100.0,14.0,4.9,26.2,57,219,88,0.0,0.0,0.0
rib,365.5,100.0,30.8,9.2,21.0,91,159,102,0.0,0.0,0.0
steaks,282.1,100.0,18.6,7.2,26.2,51,196,95,0.0,0.0,0.0
pork steaks,263.9,100.0,16.3,5.9,25.7,68,207,95,0.0,0.0,0.0
chestnuts,252.2,100.0,2.2,0.4,3.2,2,107,0,53.0,5.2,10.6
beef,291.9,100.0,19.7,7.8,26.6,63,206,87,0.0,0.0,0.0
rump steak,222.9,100.0,11.6,4.4,26.4,35,160,84,0.0,0.0,0.0
yeast,321.7,100.0,7.5,1.0,40.4,50,634,0,41.9,26.5,0.0
pork,236.2,100.0,14.0,4.9,26.2,57,219,88,0.0,0.0,0.0
rib,365.5,100.0,30.8,9.2,21.0,91,159,102,0.0,0.0,0.0
hummus,163.5,100.0,9.7,1.4,7.9,380,178,0,14.6,6.0,0.0
lamb,301.2,100.0,20.5,8.8,24.4,71,187,98,0.0,0.0,0.0
chutney,119.5,100.0,8.3,1.3,5.0,412,85,0,9.9,2.8,2.6
mango,61.6,100.0,0.4,0.1,0.8,0,14,0,14.8,1.6,13.6
avocado,167.2,100.0,15.6,2.1,2.0,7,55,0,8.6,6.7,0.3
chicken leg quarter,188.3,100.0,9.0,2.4,24.0,96,198,128,0.0,0.0,0.0
chicken wing,258.7,100.0,16.9,5.0,23.9,96,146,140,0.0,0.0,0.0
pork,236.2,100.0,14.0,4.9,26.2,57,219,88,0.0,0.0,0.0
pork spare ribs,313.2,100.0,23.6,7.2,16.2,305,130,80,9.5,0.2,7.6
lamb,301.2,100.0,20.5,8.8,24.4,71,187,98,0.0,0.0,0.0
mince,265.1,100.0,17.0,6.5,27.0,90,228,88,0.0,0.0,0.0
beef,291.9,100.0,19.7,7.8,26.6,63,206,87,0.0,0.0,0.0
beef sirloin,243.3,100.0,14.4,5.6,26.9,55,209,90,0.0,0.0,0.0
sirloin steak,244.5,100.0,14.3,5.6,26.9,55,207,91,0.0,0.0,0.0
whole chicken,246.1,100.0,13.4,3.8,27.1,82,182,86,0.0,0.0,0.0
miso,195.3,100.0,6.0,1.0,12.7,3775,157,0,25.2,5.4,6.2
lamb,301.2,100.0,20.5,8.8,24.4,71,187,98,0.0,0.0,0.0
corned beef,250.7,100.0,19.2,6.3,18.3,967,124,97,0.5,0.0,0.0
bran,210.3,100.0,4.3,0.6,15.4,2,1016,0,64.2,43.0,0.4
brown bread,269.6,100.0,3.2,0.8,10.8,511,147,0,48.2,4.0,5.8
spinach,23.3,100.0,0.3,0.0,2.9,69,55,0,3.8,2.4,0.4
pork leg,277.4,100.0,17.7,6.5,26.6,60,267,94,0.0,0.0,0.0
beef,291.9,100.0,19.7,7.8,26.6,63,206,87,0.0,0.0,0.0
silverside,212.4,100.0,11.5,4.4,26.6,34,164,85,0.0,0.0,0.0
bread,261.6,100.0,3.4,0.7,8.8,495,98,0,50.2,2.7,5.7
beef brisket,323.5,100.0,24.9,9.4,25.7,65,210,94,0.0,0.0,0.0
pork,236.2,100.0,14.0,4.9,26.2,57,219,88,0.0,0.0,0.0
pork,236.2,100.0,14.0,4.9,26.2,57,219,88,0.0,0.0,0.0
rib,365.5,100.0,30.8,9.2,21.0,91,159,102,0.0,0.0,0.0
rye bread,260.7,100.0,3.3,0.6,8.6,602,123,0,48.6,5.8,3.9
peaches,39.5,100.0,0.2,0.0,0.9,0,19,0,9.7,1.5,8.4
lamb,301.2,100.0,20.5,8.8,24.4,71,187,98,0.0,0.0,0.0
steaks,282.1,100.0,18.6,7.2,26.2,51,196,95,0.0,0.0,0.0
ham,141.6,100.0,5.1,0.9,22.2,968,305,64,1.0,0.0,1.1
beef,291.9,100.0,19.7,7.8,26.6,63,206,87,0.0,0.0,0.0
mince,265.1,100.0,17.0,6.5,27.0,90,228,88,0.0,0.0,0.0
pork loin,193.6,100.0,8.7,2.8,26.5,46,223,81,0.0,0.0,0.0
steaks,282.1,100.0,18.6,7.2,26.2,51,196,95,0.0,0.0,0.0
lamb,301.2,100.0,20.5,8.8,24.4,71,187,98,0.0,0.0,0.0
fillet,263.2,100.0,17.0,6.7,26.5,53,205,98,0.0,0.0,0.0
curry powder,329.7,100.0,13.7,1.5,14.5,52,368,0,55.5,53.6,3.0
white bread,258.5,100.0,3.3,0.7,8.9,494,97,0,49.3,2.7,5.6
lamb shoulder,132.7,100.0,5.2,1.9,20.0,69,186,62,0.0,0.0,0.0
cream,347.4,100.0,35.6,22.9,2.9,27,57,111,2.8,0.0,2.9
curry paste,110.8,100.0,1.0,0.4,3.8,2231,95,0,25.0,2.9,2.7
stock,35.4,100.0,1.2,0.3,2.5,145,27,3,3.5,0.0,1.6
chicken,222.6,100.0,12.9,3.7,23.7,72,179,92,0.0,0.0,0.0
tamarind,232.2,100.0,0.6,0.3,2.8,27,115,0,63.0,5.0,39.1
lamb,301.2,100.0,20.5,8.8,24.4,71,187,98,0.0,0.0,0.0
garlic powder,331.9,100.0,0.6,0.3,16.5,59,413,0,72.1,9.1,2.6
pork loin,193.6,100.0,8.7,2.8,26.5,46,223,81,0.0,0.0,0.0
cheese feta,269.4,100.0,21.2,14.9,14.2,930,335,87,4.2,0.0,4.1
stock,35.4,100.0,1.2,0.3,2.5,145,27,3,3.5,0.0,1.6
vegetable,32.7,100.0,0.3,0.1,1.7,30,40,0,6.8,3.0,2.6
pita bread,281.1,100.0,1.2,0.2,9.1,540,96,0,55.4,2.2,1.3
cheese mozzarella,301.1,100.0,22.3,13.1,22.0,630,348,78,2.2,0.0,1.0
pork belly,531.4,100.0,52.8,19.2,9.4,32,107,72,0.0,0.0,0.0
bratwurst,324.2,100.0,28.7,9.9,13.7,830,207,74,2.8,0.0,0.0
marmalade,248.7,100.0,0.0,0.0,0.3,57,4,0,65.1,0.7,59.5
syrup,262.8,100.0,0.1,0.0,0.0,60,10,0,69.8,0.0,42.0
hamburger buns,276.3,100.0,3.9,0.8,9.7,485,101,0,50.2,1.8,7.3
ham,141.6,100.0,5.1,0.9,22.2,968,305,64,1.0,0.0,1.1
pork,236.2,100.0,14.0,4.9,26.2,57,219,88,0.0,0.0,0.0
red kidney beans,125.0,100.0,0.5,0.1,8.7,0,138,0,22.6,6.4,0.3
beef,291.9,100.0,19.7,7.8,26.6,63,206,87,0.0,0.0,0.0
molasses,287.4,100.0,0.1,0.0,0.0,36,30,0,75.9,0.0,74.4
cheese spread,173.5,100.0,13.3,6.0,6.8,843,156,28,6.8,0.5,0.4
pork loin,193.6,100.0,8.7,2.8,26.5,46,223,81,0.0,0.0,0.0
pickle,12.0,100.0,0.3,0.1,0.5,797,15,0,2.4,1.0,1.1
chilli,120.8,100.0,7.1,2.3,7.6,417,75,21,6.2,0.5,1.1
raisins,294.3,100.0,0.5,0.0,3.1,11,99,0,77.8,3.7,59.4
tamarind pulp,244.0,100.0,0.6,0.3,2.8,28,111,0,63.5,5.0,39.1
pasta,156.0,100.0,0.9,0.2,5.7,1,58,0,31.3,1.8,0.6
sultanas,68.0,100.0,0.2,0.1,0.7,1,19,0,17.9,0.9,15.5
pork,236.2,100.0,14.0,4.9,26.2,57,219,88,0.0,0.0,0.0
beef sausages,397.9,100.0,37.2,15.0,15.6,828,181,82,0.0,0.0,0.0
lamb,301.2,100.0,20.5,8.8,24.4,71,187,98,0.0,0.0,0.0
mung beans,102.6,100.0,0.4,0.1,7.0,2,100,0,19.0,7.7,2.0
luncheon meat,99.0,100.0,3.4,0.7,16.8,1275,260,40,0.6,0.0,0.0
honeycomb,394.4,100.0,3.0,1.3,6.0,556,133,0,86.4,3.2,31.4
syrup,262.8,100.0,0.1,0.0,0.0,60,10,0,69.8,0.0,42.0
corn,93.9,100.0,1.5,0.2,3.4,1,75,0,21.0,2.4,4.6
lamb,301.2,100.0,20.5,8.8,24.4,71,187,98,0.0,0.0,0.0
mushrooms,27.9,100.0,0.5,0.1,2.2,1,86,0,5.2,2.2,2.3
naan bread,292.6,100.0,5.7,1.4,9.6,466,99,0,49.9,2.2,3.5
chutney,119.5,100.0,8.3,1.3,5.0,412,85,0,9.9,2.8,2.6
mango,61.6,100.0,0.4,0.1,0.8,0,14,0,14.8,1.6,13.6
lamb,301.2,100.0,20.5,8.8,24.4,71,187,98,0.0,0.0,0.0
honey,302.9,100.0,0.0,0.0,0.3,3,3,0,83.0,0.2,82.6
paprika,276.7,100.0,13.3,2.2,14.5,66,310,0,53.2,34.7,10.3
butter beans,115.4,100.0,0.4,0.1,7.8,2,109,0,20.5,7.1,2.9
beef sausages,397.9,100.0,37.2,15.0,15.6,828,181,82,0.0,0.0,0.0
chorizo,451.9,100.0,38.4,14.4,24.1,1225,148,86,1.9,0.0,0.0
mushrooms,27.9,100.0,0.5,0.1,2.2,1,86,0,5.2,2.2,2.3
shiitake,34.6,100.0,0.5,0.0,2.3,9,114,0,6.8,2.5,2.4
syrup,262.8,100.0,0.1,0.0,0.0,60,10,0,69.8,0.0,42.0
sauce,48.8,100.0,1.6,0.2,1.4,438,34,2,7.5,1.8,5.0
barley,124.8,100.0,0.4,0.1,2.2,3,54,0,28.6,3.9,0.3
lamb,301.2,100.0,20.5,8.8,24.4,71,187,98,0.0,0.0,0.0
quinoa,121.8,100.0,1.9,0.2,4.4,6,152,0,21.0,2.8,0.9
pork sausages,323.7,100.0,27.8,8.8,18.4,824,149,87,1.4,0.0,1.1
saffron,301.8,100.0,5.8,1.4,11.5,145,248,0,65.5,4.3,0.0
blackeyed peas,118.6,100.0,0.5,0.1,7.7,3,155,0,20.4,6.5,3.3
cocoa powder,410.0,100.0,9.9,0.0,20.0,0,0,0,58.8,20.1,0.0
bay leaf,314.7,100.0,10.1,0.0,10.0,24,113,0,75.6,25.2,0.0
lentils,116.2,100.0,0.4,0.1,8.9,239,179,0,19.7,8.0,1.8
pepper,248.5,100.0,3.0,1.3,10.5,19,160,0,63.1,25.4,0.4
cayenne,309.1,100.0,17.2,3.3,12.1,30,297,0,56.2,27.0,10.5
chick peas,164.0,100.0,2.6,0.3,8.8,244,167,0,27.9,7.6,4.8
dressing,427.7,100.0,44.3,7.0,1.3,916,182,25,5.8,0.0,4.7
pinto beans,144.6,100.0,0.6,0.1,9.0,1,148,0,26.7,9.1,0.3
potato flour,365.0,100.0,0.3,0.1,7.0,53,165,0,82.5,6.0,3.5
turkey,193.1,100.0,7.4,2.2,28.6,104,226,110,0.1,0.0,0.0
condensed milk,328.5,100.0,8.8,5.5,8.0,128,252,34,54.5,0.0,54.5
pork,236.2,100.0,14.0,4.9,26.2,57,219,88,0.0,0.0,0.0
beef sausages,397.9,100.0,37.2,15.0,15.6,828,181,82,0.0,0.0,0.0
wheat flour,357.8,100.0,1.0,0.2,10.4,2,109,0,77.7,2.7,0.3
sweetcorn,93.7,100.0,1.5,0.2,3.4,0,75,0,21.2,2.5,4.6
cheese brie,331.2,100.0,27.7,17.3,20.6,621,191,100,0.5,0.0,0.5
macaroni,161.8,100.0,0.9,0.2,5.8,1,58,0,30.8,1.8,0.6
coconut cream,357.4,100.0,16.5,15.4,1.2,36,21,0,53.2,0.2,51.6
coconut,455.3,100.0,28.3,26.3,3.2,288,101,0,52.3,9.9,36.9
custard,119.4,100.0,4.1,2.0,4.0,83,127,51,17.6,0.0,4.8
red rice,110.3,100.0,0.8,0.2,2.3,0,78,0,23.9,1.8,0.0
breadcrumbs,399.9,100.0,5.4,1.2,13.3,717,166,0,71.4,4.5,6.2
vermicelli,158.8,100.0,0.9,0.2,5.9,0,58,0,30.7,1.8,0.6
brown rice,110.0,100.0,0.8,0.2,2.3,0,77,0,23.1,1.8,0.0
rice noodles,110.8,100.0,0.2,0.0,1.8,19,19,0,24.2,1.0,0.0
white rice,132.0,100.0,0.3,0.1,2.7,0,43,0,28.5,0.4,0.1
goose,308.4,100.0,21.5,6.9,25.3,69,274,90,0.0,0.0,0.0
sugar,385.6,100.0,0.0,0.0,0.0,0,0,0,99.8,0.0,100.1
buckwheat,92.5,100.0,0.6,0.1,3.4,3,70,0,20.1,2.7,0.9
rice flour,362.9,100.0,1.4,0.4,6.0,0,98,0,80.9,2.4,0.1
cornmeal,368.6,100.0,3.5,0.5,8.1,34,237,0,76.1,7.3,0.6
soya beans,170.3,100.0,9.1,1.3,18.2,1,243,0,8.5,5.9,3.0
croissants,416.8,100.0,21.3,11.6,8.3,458,103,66,46.7,2.6,11.2
puff pastry,547.7,100.0,37.8,5.5,7.4,251,59,0,44.9,1.5,0.7
cheese gouda,349.0,100.0,26.9,17.7,24.9,812,536,113,2.2,0.0,2.2
creme fraiche,392.2,100.0,42.7,27.3,2.4,162,53,128,2.5,0.0,2.4
garam masala,318.0,100.0,13.0,2.7,10.8,85,257,0,57.4,24.0,1.4
cheese,393.9,100.0,33.0,18.9,22.7,661,459,100,3.2,0.0,0.5
noodles,161.8,100.0,0.9,0.2,5.8,0,57,0,31.2,1.8,0.6
duck,329.3,100.0,28.2,9.6,19.0,59,153,85,0.0,0.0,0.0
meat,221.2,100.0,12.2,4.4,27.7,69,209,90,0.0,0.0,0.0
egg noodles,137.2,100.0,2.1,0.4,4.5,5,74,28,24.9,1.2,0.4
sugar,385.6,100.0,0.0,0.0,0.0,0,0,0,99.8,0.0,100.1
oatmeal,69.6,100.0,1.5,0.3,2.5,4,78,0,11.8,1.7,0.3
gruyere cheese,420.7,100.0,32.3,18.8,29.9,714,603,111,0.4,0.0,0.4
cheddar cheese,405.3,100.0,32.7,18.8,22.9,653,453,99,3.2,0.0,0.5
parmesan cheese,424.6,100.0,27.3,15.4,28.4,1831,639,87,14.0,0.0,0.0
salami,368.0,100.0,32.1,11.5,21.1,1789,188,106,0.7,0.0,0.3
cream cheese,342.0,100.0,34.0,20.1,6.2,309,106,100,5.5,0.0,3.7
mustard powder,513.0,100.0,36.2,2.0,26.0,13,827,0,28.1,12.2,7.0
dressing,427.7,100.0,44.3,7.0,1.3,916,182,25,5.8,0.0,4.7
blue cheese,346.9,100.0,28.9,18.5,21.6,1156,384,76,2.3,0.0,0.5
dressing,427.7,100.0,44.3,7.0,1.3,916,182,25,5.8,0.0,4.7
chicken skin,448.3,100.0,40.3,11.5,20.3,64,122,81,0.0,0.0,0.0
banana chips,524.9,100.0,34.2,29.2,2.3,5,55,0,57.4,7.7,35.3
chocolate,540.2,100.0,29.4,18.6,7.8,78,206,23,58.9,3.4,51.4
peanuts,600.9,100.0,49.9,8.1,24.1,415,356,0,20.8,8.1,5.0
pumpkin seeds,436.0,100.0,19.5,3.7,18.6,17,91,0,53.5,18.3,0.0
cashew nuts,587.6,100.0,46.6,9.0,15.4,652,488,0,32.7,3.2,5.1
sunflower seeds,554.7,100.0,50.7,5.2,19.4,5910,1162,0,15.5,8.8,2.7
melon,33.6,100.0,0.2,0.1,0.8,16,15,0,8.3,0.9,7.8
sesame seeds,575.8,100.0,49.0,6.8,17.0,11,629,0,26.2,14.0,0.0
peanut butter,579.7,100.0,49.6,9.6,22.1,477,336,0,24.0,5.6,6.5
tahini,590.1,100.0,54.0,7.5,17.3,35,789,0,21.2,4.8,0.0
almonds,603.7,100.0,52.7,3.9,21.0,490,466,0,21.3,11.1,4.6
hazelnuts,662.2,100.0,62.8,4.5,14.9,0,307,0,17.7,9.2,4.9
dressing,427.7,100.0,44.3,7.0,1.3,916,182,25,5.8,0.0,4.7
oil,883.0,100.0,100.8,6.6,0.0,0,0,0,0.0,0.0,0.0
lemon,29.0,100.0,0.3,0.0,1.1,2,15,0,9.3,2.7,2.5
brazil nuts,669.9,100.0,66.5,16.1,14.4,3,712,0,11.8,7.6,2.4
pine nuts,674.1,100.0,69.5,4.9,13.7,1,569,0,13.3,3.6,3.6
walnuts,664.8,100.0,64.5,5.9,15.2,2,350,0,13.6,6.9,2.4
pecan,707.2,100.0,72.6,6.0,9.5,0,280,0,14.2,9.4,4.0
nuts,613.2,100.0,53.8,8.7,20.1,277,457,0,21.4,6.9,4.1
margarine,700.5,100.0,80.7,15.4,0.1,1,4,0,0.7,0.0,0.0
butter,721.5,100.0,79.6,51.1,0.8,637,23,215,0.1,0.0,0.1
bacon,466.4,100.0,34.9,12.0,34.0,1674,380,98,1.7,0.0,0.0
macadamia nuts,728.5,100.0,76.6,12.1,7.8,5,186,0,13.8,8.8,4.6
suet,848.6,100.0,95.4,52.6,1.5,6,15,68,0.0,0.0,0.0
oil,883.0,100.0,100.8,6.6,0.0,0,0,0,0.0,0.0,0.0
beef,291.9,100.0,19.7,7.8,26.6,63,206,87,0.0,0.0,0.0
lard,926.0,100.0,100.9,39.3,0.0,0,0,96,0.0,0.0,0.0
sesame oil,858.8,100.0,100.6,14.1,0.0,0,0,0,0.0,0.0,0.0
coconut oil,881.6,100.0,98.8,83.1,0.0,0,0,0,0.0,0.0,0.0
corn oil,884.8,100.0,102.0,12.8,0.0,0,0,0,0.0,0.0,0.0
grapeseed oil,884.7,100.0,100.4,9.7,0.0,0,0,0,0.0,0.0,0.0
hazelnut oil,891.3,100.0,101.7,7.4,0.0,0,0,0,0.0,0.0,0.0
olive oil,869.2,100.0,101.2,13.9,0.0,1,0,0,0.0,0.0,0.0
palm oil,903.6,100.0,101.5,49.4,0.0,0,0,0,0.0,0.0,0.0
safflower oil,892.5,100.0,98.2,7.5,0.0,0,0,0,0.0,0.0,0.0
sunflower oil,870.1,100.0,99.5,9.8,0.0,0,0,0,0.0,0.0,0.0
vegetable oil,877.4,100.0,98.7,7.4,0.0,0,0,0,0.0,0.0,0.0
walnut oil,896.5,100.0,100.3,9.1,0.0,0,0,0,0.0,0.0,0.0
caraway seeds,334.6,100.0,14.8,0.5,19.9,17,573,0,49.9,38.3,0.5
cardamom,314.5,100.0,6.4,0.5,10.9,18,177,0,68.3,27.9,0.0
celery seeds,384.9,100.0,25.5,2.0,17.8,160,536,0,40.8,11.9,0.5
chilli,120.8,100.0,7.1,2.3,7.6,417,75,21,6.2,0.5,1.1
chinese 5 spice,280.6,100.0,9.2,1.3,10.2,79,233,0,64.0,34.2,0.9
cinnamon,247.4,100.0,1.1,0.4,3.9,10,64,0,80.4,53.8,2.3
cloves,269.5,100.0,12.8,3.8,6.2,276,103,0,64.5,33.6,2.4
cumin seeds,374.9,100.0,22.3,1.4,17.7,170,497,0,44.2,10.6,2.4
tea,1.0,100.0,0.0,0.0,0.0,0,1,0,0.3,0.0,0.0
